6;5;00;1;2017-01-14 09:57:52;address
7;5;00;1;2017-01-14 09:57:52;address
8;5;23.734064, 90.404104;1;2017-01-14 09:57:52;গগগগগগগগ
9;5;00;1;2017-01-14 09:57:52;address
10;5;00;1;2017-01-14 09:57:52;address
11;5;00;1;2017-01-14 09:57:52;address
12;5;00;1;2017-01-14 09:57:52;address
13;1;00;1;2017-01-14 09:57:52;address
77;3;00;1;2017-01-14 09:57:52;address
78;3;00;1;2017-01-14 09:57:52;address
79;3;00;1;2017-01-14 09:57:52;address
80;3;00;1;2017-01-14 09:57:52;address
14;1;00;1;2017-01-14 09:57:52;address
81;3;00;1;2017-01-14 09:57:52;address
82;4;23.734064, 90.404104;1;2017-01-14 09:57:52;জপটচটচজ
83;3;00;1;2017-01-14 09:57:52;address
84;3;00;1;2017-01-14 09:57:52;address
85;3;00;1;2017-01-14 09:57:52;address
86;3;00;1;2017-01-14 09:57:52;address
87;3;00;1;2017-01-14 09:57:52;address
15;1;00;1;2017-01-14 09:57:52;address
88;3;22.689388, 90.649408;1;2017-01-14 09:57:52;উপজেলা মৎস্য কর্মকর্তার দপ্তর
89;3;00;1;2017-01-14 09:57:52;টডুট
90;3;00;1;2017-01-14 09:57:52;রিরের
91;3;00;1;2017-01-14 09:57:52;address
92;3;22.3298863,90.7292762;1;2017-01-14 09:57:52;address
93;3;00;1;2017-01-14 09:57:52;address
94;3;00;1;2017-01-14 09:57:52;address
16;1;00;1;2017-01-14 09:57:52;address
95;3;00;1;2017-01-14 09:57:52;address
96;3;00;1;2017-01-14 09:57:52;address
97;3;00;1;2017-01-14 09:57:52;address
98;3;00;1;2017-01-14 09:57:52;address
99;3;00;1;2017-01-14 09:57:52;address
100;3;00;1;2017-01-14 09:57:52;address
101;3;00;1;2017-01-14 09:57:52;address
102;3;00;1;2017-01-14 09:57:52;address
103;3;00;1;2017-01-14 09:57:52;address
104;3;00;1;2017-01-14 09:57:52;address
17;1;00;1;2017-01-14 09:57:52;address
105;3;00;1;2017-01-14 09:57:52;address
106;3;00;1;2017-01-14 09:57:52;address
107;3;00;1;2017-01-14 09:57:52;address
108;3;00;1;2017-01-14 09:57:52;address
109;3;00;1;2017-01-14 09:57:52;address
110;3;00;1;2017-01-14 09:57:52;address
18;1;00;1;2017-01-14 09:57:52;address
111;3;00;1;2017-01-14 09:57:52;address
112;3;00;1;2017-01-14 09:57:52;address
113;3;00;1;2017-01-14 09:57:52;address
114;3;00;1;2017-01-14 09:57:52;address
115;4;21.9855185,90.2298689,20.75;1;2017-01-14 09:57:52;সিনিয়র উপজেলা মৎস্য কর্মকর্তার কার্যালয়, কলাপাড়া, পটুয়াখালী।
116;3;00;1;2017-01-14 09:57:52;address
118;3;00;1;2017-01-14 09:57:52;address
19;1;00;1;2017-01-14 09:57:52;address
119;3;00;1;2017-01-14 09:57:52;address
120;3;00;1;2017-01-14 09:57:52;address
121;3;00;1;2017-01-14 09:57:52;address
122;3;00;1;2017-01-14 09:57:52;জহজহজহজ
123;3;00;1;2017-01-14 09:57:52;address
124;3;00;1;2017-01-14 09:57:52;address
125;3;00;1;2017-01-14 09:57:52;address
126;3;00;1;2017-01-14 09:57:52;address
20;1;00;1;2017-01-14 09:57:52;address
127;3;00;1;2017-01-14 09:57:52;address
128;3;00;1;2017-01-14 09:57:52;address
129;3;00;1;2017-01-14 09:57:52;address
130;3;00;1;2017-01-14 09:57:52;address
131;3;00;1;2017-01-14 09:57:52;address
132;3;00;1;2017-01-14 09:57:52;address
133;3;00;1;2017-01-14 09:57:52;address
134;3;00;1;2017-01-14 09:57:52;address
135;3;00;1;2017-01-14 09:57:52;address
21;1;00;1;2017-01-14 09:57:52;address
136;3;00;1;2017-01-14 09:57:52;address
138;3;00;1;2017-01-14 09:57:52;address
141;3;00;1;2017-01-14 09:57:52;address
142;3;00;1;2017-01-14 09:57:52;address
143;3;00;1;2017-01-14 09:57:52;address
144;3;00;1;2017-01-14 09:57:52;address
145;3;00;1;2017-01-14 09:57:52;address
22;1;00;1;2017-01-14 09:57:52;address
146;3;00;1;2017-01-14 09:57:52;address
147;3;00;1;2017-01-14 09:57:52;address
148;3;21.9855185,90.2298689,20.75;1;2017-01-14 09:57:52;টটটট
149;3;00;1;2017-01-14 09:57:52;address
150;3;00;1;2017-01-14 09:57:52;address
151;3;00;1;2017-01-14 09:57:52;address
23;1;00;1;2017-01-14 09:57:52;address
153;3;00;1;2017-01-14 09:57:52;address
154;3;00;1;2017-01-14 09:57:52;address
155;3;00;1;2017-01-14 09:57:52;address
156;3;00;1;2017-01-14 09:57:52;address
24;1;00;1;2017-01-14 09:57:52;address
157;3;00;1;2017-01-14 09:57:52;address
158;3;00;1;2017-01-14 09:57:52;address
159;3;00;1;2017-01-14 09:57:52;address
160;3;00;1;2017-01-14 09:57:52;address
161;3;00;1;2017-01-14 09:57:52;address
162;3;00;1;2017-01-14 09:57:52;address
163;3;00;1;2017-01-14 09:57:52;address
164;3;00;1;2017-01-14 09:57:52;address
25;1;00;1;2017-01-14 09:57:52;address
165;3;00;1;2017-01-14 09:57:52;address
166;3;00;1;2017-01-14 09:57:52;address
167;3;00;1;2017-01-14 09:57:52;address
168;3;00;1;2017-01-14 09:57:52;address
169;3;00;1;2017-01-14 09:57:52;address
170;3;00;1;2017-01-14 09:57:52;address
171;3;00;1;2017-01-14 09:57:52;address
172;3;00;1;2017-01-14 09:57:52;address
173;3;00;1;2017-01-14 09:57:52;address
174;3;00;1;2017-01-14 09:57:52;address
175;3;00;1;2017-01-14 09:57:52;address
176;3;00;1;2017-01-14 09:57:52;address
177;3;00;1;2017-01-14 09:57:52;address
178;3;00;1;2017-01-14 09:57:52;address
179;3;00;1;2017-01-14 09:57:52;address
180;3;00;1;2017-01-14 09:57:52;address
26;1;00;1;2017-01-14 09:57:52;address
181;3;00;1;2017-01-14 09:57:52;address
182;3;00;1;2017-01-14 09:57:52;address
183;3;00;1;2017-01-14 09:57:52;address
184;3;00;1;2017-01-14 09:57:52;address
185;3;00;1;2017-01-14 09:57:52;address
27;1;00;1;2017-01-14 09:57:52;address
188;3;00;1;2017-01-14 09:57:52;address
189;3;00;1;2017-01-14 09:57:52;address
191;3;00;1;2017-01-14 09:57:52;address
192;3;00;1;2017-01-14 09:57:52;address
193;3;00;1;2017-01-14 09:57:52;address
194;3;00;1;2017-01-14 09:57:52;address
195;3;00;1;2017-01-14 09:57:52;address
196;3;00;1;2017-01-14 09:57:52;address
28;1;00;1;2017-01-14 09:57:52;address
197;3;00;1;2017-01-14 09:57:52;address
198;3;00;1;2017-01-14 09:57:52;address
199;3;00;1;2017-01-14 09:57:52;address
200;3;00;1;2017-01-14 09:57:52;address
201;3;00;1;2017-01-14 09:57:52;address
202;3;00;1;2017-01-14 09:57:52;address
203;3;00;1;2017-01-14 09:57:52;address
204;3;00;1;2017-01-14 09:57:52;address
29;1;00;1;2017-01-14 09:57:52;address
205;3;00;1;2017-01-14 09:57:52;address
207;3;00;1;2017-01-14 09:57:52;address
209;3;00;1;2017-01-14 09:57:52;address
210;3;00;1;2017-01-14 09:57:52;address
214;3;00;1;2017-01-14 09:57:52;address
216;3;00;1;2017-01-14 09:57:52;address
219;3;00;1;2017-01-14 09:57:52;address
220;3;00;1;2017-01-14 09:57:52;address
223;3;00;1;2017-01-14 09:57:52;address
225;3;00;1;2017-01-14 09:57:52;address
226;3;00;1;2017-01-14 09:57:52;address
227;3;00;1;2017-01-14 09:57:52;address
228;3;00;1;2017-01-14 09:57:52;address
229;3;00;1;2017-01-14 09:57:52;address
30;1;00;1;2017-01-14 09:57:52;address
230;3;00;1;2017-01-14 09:57:52;address
231;3;00;1;2017-01-14 09:57:52;address
232;3;00;1;2017-01-14 09:57:52;address
233;3;00;1;2017-01-14 09:57:52;address
234;3;00;1;2017-01-14 09:57:52;address
235;3;00;1;2017-01-14 09:57:52;address
236;3;00;1;2017-01-14 09:57:52;address
237;3;00;1;2017-01-14 09:57:52;address
238;3;00;1;2017-01-14 09:57:52;address
239;3;00;1;2017-01-14 09:57:52;address
240;3;00;1;2017-01-14 09:57:52;address
241;3;00;1;2017-01-14 09:57:52;address
242;3;00;1;2017-01-14 09:57:52;address
31;1;00;1;2017-01-14 09:57:52;address
243;3;00;1;2017-01-14 09:57:52;address
244;3;00;1;2017-01-14 09:57:52;address
245;3;00;1;2017-01-14 09:57:52;address
246;3;00;1;2017-01-14 09:57:52;address
247;3;00;1;2017-01-14 09:57:52;address
248;3;00;1;2017-01-14 09:57:52;address
249;3;00;1;2017-01-14 09:57:52;address
250;3;00;1;2017-01-14 09:57:52;address
251;3;00;1;2017-01-14 09:57:52;address
252;3;00;1;2017-01-14 09:57:52;address
253;3;00;1;2017-01-14 09:57:52;address
254;3;00;1;2017-01-14 09:57:52;address
32;1;00;1;2017-01-14 09:57:52;address
256;3;00;1;2017-01-14 09:57:52;address
257;3;00;1;2017-01-14 09:57:52;address
258;3;00;1;2017-01-14 09:57:52;address
259;3;00;1;2017-01-14 09:57:52;address
260;3;00;1;2017-01-14 09:57:52;address
33;1;00;1;2017-01-14 09:57:52;address
261;3;00;1;2017-01-14 09:57:52;address
262;3;00;1;2017-01-14 09:57:52;address
263;3;00;1;2017-01-14 09:57:52;address
264;3;00;1;2017-01-14 09:57:52;address
265;3;00;1;2017-01-14 09:57:52;address
266;3;00;1;2017-01-14 09:57:52;address
267;3;00;1;2017-01-14 09:57:52;address
268;3;00;1;2017-01-14 09:57:52;address
269;3;00;1;2017-01-14 09:57:52;address
270;3;00;1;2017-01-14 09:57:52;address
34;1;00;1;2017-01-14 09:57:52;address
271;3;00;1;2017-01-14 09:57:52;address
272;3;00;1;2017-01-14 09:57:52;address
273;3;00;1;2017-01-14 09:57:52;address
274;3;00;1;2017-01-14 09:57:52;address
275;3;00;1;2017-01-14 09:57:52;address
276;3;00;1;2017-01-14 09:57:52;address
277;3;00;1;2017-01-14 09:57:52;address
35;1;00;1;2017-01-14 09:57:52;address
278;3;00;1;2017-01-14 09:57:52;address
279;3;00;1;2017-01-14 09:57:52;address
280;3;00;1;2017-01-14 09:57:52;address
281;3;00;1;2017-01-14 09:57:52;address
36;1;00;1;2017-01-14 09:57:52;address
282;3;00;1;2017-01-14 09:57:52;address
283;3;00;1;2017-01-14 09:57:52;address
284;3;00;1;2017-01-14 09:57:52;address
285;3;00;1;2017-01-14 09:57:52;address
286;3;00;1;2017-01-14 09:57:52;address
287;3;00;1;2017-01-14 09:57:52;address
37;1;00;1;2017-01-14 09:57:52;address
288;3;00;1;2017-01-14 09:57:52;address
289;3;00;1;2017-01-14 09:57:52;address
290;3;00;1;2017-01-14 09:57:52;address
291;3;00;1;2017-01-14 09:57:52;address
292;3;00;1;2017-01-14 09:57:52;address
293;3;00;1;2017-01-14 09:57:52;address
38;1;00;1;2017-01-14 09:57:52;address
295;3;00;1;2017-01-14 09:57:52;address
296;3;00;1;2017-01-14 09:57:52;address
297;3;00;1;2017-01-14 09:57:52;address
298;3;00;1;2017-01-14 09:57:52;address
299;3;00;1;2017-01-14 09:57:52;address
300;3;00;1;2017-01-14 09:57:52;address
301;3;00;1;2017-01-14 09:57:52;address
302;3;00;1;2017-01-14 09:57:52;address
303;3;00;1;2017-01-14 09:57:52;address
304;3;00;1;2017-01-14 09:57:52;address
305;3;00;1;2017-01-14 09:57:52;address
306;3;00;1;2017-01-14 09:57:52;address
39;1;00;1;2017-01-14 09:57:52;address
307;3;00;1;2017-01-14 09:57:52;address
308;3;00;1;2017-01-14 09:57:52;address
309;3;00;1;2017-01-14 09:57:52;address
310;3;00;1;2017-01-14 09:57:52;address
311;3;00;1;2017-01-14 09:57:52;address
40;1;00;1;2017-01-14 09:57:52;address
317;3;00;1;2017-01-14 09:57:52;address
319;3;00;1;2017-01-14 09:57:52;address
327;3;00;1;2017-01-14 09:57:52;address
333;3;00;1;2017-01-14 09:57:52;address
339;3;00;1;2017-01-14 09:57:52;address
41;1;00;1;2017-01-14 09:57:52;address
349;3;00;1;2017-01-14 09:57:52;address
351;3;00;1;2017-01-14 09:57:52;address
352;3;00;1;2017-01-14 09:57:52;address
353;3;00;1;2017-01-14 09:57:52;address
354;3;00;1;2017-01-14 09:57:52;address
42;1;00;1;2017-01-14 09:57:52;address
355;3;00;1;2017-01-14 09:57:52;address
356;3;00;1;2017-01-14 09:57:52;address
357;3;00;1;2017-01-14 09:57:52;address
358;3;00;1;2017-01-14 09:57:52;address
359;3;00;1;2017-01-14 09:57:52;address
360;3;00;1;2017-01-14 09:57:52;address
361;3;00;1;2017-01-14 09:57:52;address
362;3;00;1;2017-01-14 09:57:52;address
363;3;00;1;2017-01-14 09:57:52;address
43;1;00;1;2017-01-14 09:57:52;address
364;3;00;1;2017-01-14 09:57:52;address
365;3;00;1;2017-01-14 09:57:52;address
366;3;00;1;2017-01-14 09:57:52;address
367;3;00;1;2017-01-14 09:57:52;address
368;3;00;1;2017-01-14 09:57:52;address
44;1;00;1;2017-01-14 09:57:52;address
369;3;00;1;2017-01-14 09:57:52;address
370;3;00;1;2017-01-14 09:57:52;address
371;3;00;1;2017-01-14 09:57:52;address
372;3;00;1;2017-01-14 09:57:52;address
373;3;00;1;2017-01-14 09:57:52;address
45;1;00;1;2017-01-14 09:57:52;address
374;3;00;1;2017-01-14 09:57:52;address
375;3;00;1;2017-01-14 09:57:52;address
376;3;00;1;2017-01-14 09:57:52;address
377;3;00;1;2017-01-14 09:57:52;address
378;3;00;1;2017-01-14 09:57:52;address
46;1;00;1;2017-01-14 09:57:52;address
379;3;00;1;2017-01-14 09:57:52;address
380;3;00;1;2017-01-14 09:57:52;address
381;3;00;1;2017-01-14 09:57:52;address
382;3;00;1;2017-01-14 09:57:52;address
383;3;00;1;2017-01-14 09:57:52;address
384;3;00;1;2017-01-14 09:57:52;address
47;1;00;1;2017-01-14 09:57:52;address
385;3;00;1;2017-01-14 09:57:52;address
386;3;00;1;2017-01-14 09:57:52;address
387;3;00;1;2017-01-14 09:57:52;address
388;3;00;1;2017-01-14 09:57:52;address
389;3;00;1;2017-01-14 09:57:52;address
390;3;00;1;2017-01-14 09:57:52;address
391;3;00;1;2017-01-14 09:57:52;address
48;1;00;1;2017-01-14 09:57:52;address
392;3;00;1;2017-01-14 09:57:52;address
393;3;00;1;2017-01-14 09:57:52;address
394;3;00;1;2017-01-14 09:57:52;address
49;1;00;1;2017-01-14 09:57:52;address
395;3;00;1;2017-01-14 09:57:52;address
396;3;00;1;2017-01-14 09:57:52;address
397;3;00;1;2017-01-14 09:57:52;address
398;3;00;1;2017-01-14 09:57:52;address
399;3;00;1;2017-01-14 09:57:52;address
400;3;00;1;2017-01-14 09:57:52;address
401;3;00;1;2017-01-14 09:57:52;address
402;3;00;1;2017-01-14 09:57:52;address
50;1;00;1;2017-01-14 09:57:52;address
403;3;00;1;2017-01-14 09:57:52;address
404;3;00;1;2017-01-14 09:57:52;address
405;3;00;1;2017-01-14 09:57:52;address
406;3;00;1;2017-01-14 09:57:52;address
51;1;00;1;2017-01-14 09:57:52;address
407;3;00;1;2017-01-14 09:57:52;address
410;3;00;1;2017-01-14 09:57:52;address
411;3;00;1;2017-01-14 09:57:52;address
414;3;00;1;2017-01-14 09:57:52;address
415;3;00;1;2017-01-14 09:57:52;address
416;3;00;1;2017-01-14 09:57:52;address
417;3;00;1;2017-01-14 09:57:52;address
418;3;00;1;2017-01-14 09:57:52;address
420;3;00;1;2017-01-14 09:57:52;address
52;1;00;1;2017-01-14 09:57:52;address
421;3;00;1;2017-01-14 09:57:52;address
422;3;00;1;2017-01-14 09:57:52;address
423;3;00;1;2017-01-14 09:57:52;address
425;3;00;1;2017-01-14 09:57:52;address
426;3;00;1;2017-01-14 09:57:52;address
427;3;00;1;2017-01-14 09:57:52;address
428;3;00;1;2017-01-14 09:57:52;address
429;3;00;1;2017-01-14 09:57:52;address
53;1;00;1;2017-01-14 09:57:52;address
430;3;00;1;2017-01-14 09:57:52;address
431;3;00;1;2017-01-14 09:57:52;address
432;3;00;1;2017-01-14 09:57:52;address
433;3;00;1;2017-01-14 09:57:52;address
434;3;00;1;2017-01-14 09:57:52;address
435;3;00;1;2017-01-14 09:57:52;address
54;1;00;1;2017-01-14 09:57:52;address
436;3;00;1;2017-01-14 09:57:52;address
437;3;00;1;2017-01-14 09:57:52;address
438;3;00;1;2017-01-14 09:57:52;address
55;1;00;1;2017-01-14 09:57:52;address
440;3;00;1;2017-01-14 09:57:52;address
441;3;00;1;2017-01-14 09:57:52;address
442;3;00;1;2017-01-14 09:57:52;address
443;3;00;1;2017-01-14 09:57:52;address
444;3;00;1;2017-01-14 09:57:52;address
445;3;00;1;2017-01-14 09:57:52;address
56;1;00;1;2017-01-14 09:57:52;address
446;3;00;1;2017-01-14 09:57:52;address
447;3;00;1;2017-01-14 09:57:52;address
448;3;00;1;2017-01-14 09:57:52;address
57;1;00;1;2017-01-14 09:57:52;address
449;3;00;1;2017-01-14 09:57:52;address
450;3;00;1;2017-01-14 09:57:52;address
452;3;00;1;2017-01-14 09:57:52;address
453;3;00;1;2017-01-14 09:57:52;address
454;3;00;1;2017-01-14 09:57:52;address
456;3;00;1;2017-01-14 09:57:52;address
457;3;00;1;2017-01-14 09:57:52;address
458;3;00;1;2017-01-14 09:57:52;address
461;3;00;1;2017-01-14 09:57:52;address
58;1;00;1;2017-01-14 09:57:52;address
462;3;00;1;2017-01-14 09:57:52;address
463;3;00;1;2017-01-14 09:57:52;address
464;3;00;1;2017-01-14 09:57:52;address
465;3;00;1;2017-01-14 09:57:52;address
466;3;00;1;2017-01-14 09:57:52;address
59;1;00;1;2017-01-14 09:57:52;address
467;3;00;1;2017-01-14 09:57:52;address
468;3;00;1;2017-01-14 09:57:52;address
469;3;00;1;2017-01-14 09:57:52;address
470;3;00;1;2017-01-14 09:57:52;address
471;3;00;1;2017-01-14 09:57:52;address
472;3;00;1;2017-01-14 09:57:52;address
473;3;00;1;2017-01-14 09:57:52;address
474;3;00;1;2017-01-14 09:57:52;address
475;3;00;1;2017-01-14 09:57:52;address
60;1;00;1;2017-01-14 09:57:52;address
476;3;00;1;2017-01-14 09:57:52;address
477;3;00;1;2017-01-14 09:57:52;address
478;3;00;1;2017-01-14 09:57:52;address
479;3;00;1;2017-01-14 09:57:52;address
480;3;00;1;2017-01-14 09:57:52;address
481;3;00;1;2017-01-14 09:57:52;address
482;3;00;1;2017-01-14 09:57:52;address
483;3;00;1;2017-01-14 09:57:52;address
484;3;00;1;2017-01-14 09:57:52;address
485;3;00;1;2017-01-14 09:57:52;address
486;3;00;1;2017-01-14 09:57:52;address
487;3;00;1;2017-01-14 09:57:52;address
61;1;00;1;2017-01-14 09:57:52;address
488;3;00;1;2017-01-14 09:57:52;address
489;3;00;1;2017-01-14 09:57:52;address
490;3;00;1;2017-01-14 09:57:52;address
491;3;00;1;2017-01-14 09:57:52;address
492;3;00;1;2017-01-14 09:57:52;address
493;3;00;1;2017-01-14 09:57:52;address
494;3;00;1;2017-01-14 09:57:52;address
495;3;00;1;2017-01-14 09:57:52;address
496;3;00;1;2017-01-14 09:57:52;address
62;1;00;1;2017-01-14 09:57:52;address
497;3;00;1;2017-01-14 09:57:52;address
498;3;00;1;2017-01-14 09:57:52;address
499;3;00;1;2017-01-14 09:57:52;address
500;3;00;1;2017-01-14 09:57:52;address
501;3;00;1;2017-01-14 09:57:52;address
502;3;00;1;2017-01-14 09:57:52;address
503;3;00;1;2017-01-14 09:57:52;address
504;3;00;1;2017-01-14 09:57:52;address
505;3;00;1;2017-01-14 09:57:52;address
506;3;00;1;2017-01-14 09:57:52;address
507;3;00;1;2017-01-14 09:57:52;address
63;1;00;1;2017-01-14 09:57:52;address
508;3;00;1;2017-01-14 09:57:52;address
509;3;00;1;2017-01-14 09:57:52;address
510;3;00;1;2017-01-14 09:57:52;address
511;3;00;1;2017-01-14 09:57:52;address
512;3;00;1;2017-01-14 09:57:52;address
64;1;00;1;2017-01-14 09:57:52;address
513;3;00;1;2017-01-14 09:57:52;address
514;3;00;1;2017-01-14 09:57:52;address
515;3;00;1;2017-01-14 09:57:52;address
516;3;00;1;2017-01-14 09:57:52;address
517;3;00;1;2017-01-14 09:57:52;address
518;3;00;1;2017-01-14 09:57:52;address
519;3;00;1;2017-01-14 09:57:52;address
65;1;00;1;2017-01-14 09:57:52;address
520;3;00;1;2017-01-14 09:57:52;address
521;3;00;1;2017-01-14 09:57:52;address
522;3;00;1;2017-01-14 09:57:52;address
523;3;00;1;2017-01-14 09:57:52;address
524;3;00;1;2017-01-14 09:57:52;address
525;3;00;1;2017-01-14 09:57:52;address
526;3;00;1;2017-01-14 09:57:52;address
527;3;00;1;2017-01-14 09:57:52;address
528;3;00;1;2017-01-14 09:57:52;address
529;3;00;1;2017-01-14 09:57:52;address
530;3;00;1;2017-01-14 09:57:52;address
531;3;00;1;2017-01-14 09:57:52;address
532;3;00;1;2017-01-14 09:57:52;address
66;1;00;1;2017-01-14 09:57:52;address
533;3;00;1;2017-01-14 09:57:52;address
534;3;00;1;2017-01-14 09:57:52;address
535;3;00;1;2017-01-14 09:57:52;address
536;3;00;1;2017-01-14 09:57:52;address
537;3;00;1;2017-01-14 09:57:52;address
538;3;00;1;2017-01-14 09:57:52;address
539;3;00;1;2017-01-14 09:57:52;address
540;3;00;1;2017-01-14 09:57:52;address
67;1;00;1;2017-01-14 09:57:52;address
541;3;00;1;2017-01-14 09:57:52;address
542;3;00;1;2017-01-14 09:57:52;address
543;3;00;1;2017-01-14 09:57:52;address
544;3;00;1;2017-01-14 09:57:52;address
545;3;00;1;2017-01-14 09:57:52;address
546;3;00;1;2017-01-14 09:57:52;address
547;3;00;1;2017-01-14 09:57:52;address
68;1;00;1;2017-01-14 09:57:52;address
548;3;00;1;2017-01-14 09:57:52;address
549;3;00;1;2017-01-14 09:57:52;address
550;3;00;1;2017-01-14 09:57:52;address
551;3;00;1;2017-01-14 09:57:52;address
552;3;00;1;2017-01-14 09:57:52;address
69;1;00;1;2017-01-14 09:57:52;address
553;3;00;1;2017-01-14 09:57:52;address
554;3;00;1;2017-01-14 09:57:52;address
555;3;00;1;2017-01-14 09:57:52;address
556;3;00;1;2017-01-14 09:57:52;address
557;3;00;1;2017-01-14 09:57:52;address
70;1;00;1;2017-01-14 09:57:52;address
558;3;00;1;2017-01-14 09:57:52;address
559;3;00;1;2017-01-14 09:57:52;address
560;3;00;1;2017-01-14 09:57:52;address
562;3;00;1;2017-01-14 09:57:52;address
563;3;00;1;2017-01-14 09:57:52;address
71;1;00;1;2017-01-14 09:57:52;address
564;3;00;1;2017-01-14 09:57:52;address
565;3;00;1;2017-01-14 09:57:52;address
566;3;00;1;2017-01-14 09:57:52;address
567;3;00;1;2017-01-14 09:57:52;address
568;3;00;1;2017-01-14 09:57:52;address
569;3;00;1;2017-01-14 09:57:52;address
570;3;00;1;2017-01-14 09:57:52;address
571;3;00;1;2017-01-14 09:57:52;address
572;3;00;1;2017-01-14 09:57:52;address
72;1;00;1;2017-01-14 09:57:52;address
573;3;00;1;2017-01-14 09:57:52;address
574;3;00;1;2017-01-14 09:57:52;address
575;3;00;1;2017-01-14 09:57:52;address
576;3;00;1;2017-01-14 09:57:52;address
577;3;00;1;2017-01-14 09:57:52;address
73;1;00;1;2017-01-14 09:57:52;address
578;3;00;1;2017-01-14 09:57:52;address
579;3;00;1;2017-01-14 09:57:52;address
580;3;00;1;2017-01-14 09:57:52;address
581;3;00;1;2017-01-14 09:57:52;address
582;3;00;1;2017-01-14 09:57:52;address
583;3;00;1;2017-01-14 09:57:52;address
584;3;00;1;2017-01-14 09:57:52;address
585;3;00;1;2017-01-14 09:57:52;address
74;1;00;1;2017-01-14 09:57:52;address
586;3;00;1;2017-01-14 09:57:52;address
587;3;00;1;2017-01-14 09:57:52;address
589;3;00;1;2017-01-14 09:57:52;address
590;3;00;1;2017-01-14 09:57:52;address
591;3;00;1;2017-01-14 09:57:52;address
592;3;00;1;2017-01-14 09:57:52;address
593;3;00;1;2017-01-14 09:57:52;address
594;3;00;1;2017-01-14 09:57:52;address
595;3;00;1;2017-01-14 09:57:52;address
596;3;00;1;2017-01-14 09:57:52;address
75;1;00;1;2017-01-14 09:57:52;address
597;3;00;1;2017-01-14 09:57:52;address
598;3;00;1;2017-01-14 09:57:52;address
599;3;00;1;2017-01-14 09:57:52;address
600;3;00;1;2017-01-14 09:57:52;address
601;3;00;1;2017-01-14 09:57:52;address
602;3;00;1;2017-01-14 09:57:52;address
603;3;00;1;2017-01-14 09:57:52;address
604;3;00;1;2017-01-14 09:57:52;address
605;3;00;1;2017-01-14 09:57:52;address
606;3;00;1;2017-01-14 09:57:52;address
607;3;00;1;2017-01-14 09:57:52;address
608;3;00;1;2017-01-14 09:57:52;address
76;1;00;1;2017-01-14 09:57:52;address
609;3;00;1;2017-01-14 09:57:52;address
610;3;00;1;2017-01-14 09:57:52;address
611;3;00;1;2017-01-14 09:57:52;address
612;3;00;1;2017-01-14 09:57:52;address
613;3;00;1;2017-01-14 09:57:52;address
614;3;00;1;2017-01-14 09:57:52;address
615;3;00;1;2017-01-14 09:57:52;address
616;8;23.728290, 90.409246;1;2017-01-14 09:57:52;বাংলাদেশ সচিবালয়, ঢাকা
617;9;00;1;2017-01-14 09:57:52;address
618;9;00;1;2017-01-14 09:57:52;ড়ড়ড়ড়ড়
619;9;00;1;2017-01-14 09:57:52;address
620;7;00;1;2017-01-14 09:57:52;জেলেদের নিবন্ধন ও পরিচয় প্রদান প্রকল্প
621;9;00;1;2017-01-14 09:57:52;address
622;9;00;1;2017-01-14 09:57:52;address
624;8;23.734064, 90.404104;1;2017-01-14 09:57:52;ছিত্তাং
626;7;00;1;2017-01-14 09:57:52;address
627;7;00;1;2017-01-14 09:57:52;address
631;7;00;1;2017-01-14 09:57:52;address
632;7;00;1;2017-01-14 09:57:52;address
634;7;00;1;2017-01-14 09:57:52;address
635;7;00;1;2017-01-14 09:57:52;address
636;7;00;1;2017-01-14 09:57:52;address
637;7;00;1;2017-01-14 09:57:52;address
638;7;00;1;2017-01-14 09:57:52;address
639;7;00;1;2017-01-14 09:57:52;address
640;7;00;1;2017-01-14 09:57:52;address
641;7;00;1;2017-01-14 09:57:52;address
642;7;00;1;2017-01-14 09:57:52;address
643;7;00;1;2017-01-14 09:57:52;address
644;7;00;1;2017-01-14 09:57:52;address
645;7;00;1;2017-01-14 09:57:52;address
646;7;00;1;2017-01-14 09:57:52;address
647;7;00;1;2017-01-14 09:57:52;address
648;7;00;1;2017-01-14 09:57:52;address
649;7;00;1;2017-01-14 09:57:52;address
650;7;00;1;2017-01-14 09:57:52;address
651;7;00;1;2017-01-14 09:57:52;address
652;7;00;1;2017-01-14 09:57:52;address
653;7;00;1;2017-01-14 09:57:52;address
654;7;00;1;2017-01-14 09:57:52;address
655;7;00;1;2017-01-14 09:57:52;address
656;7;00;1;2017-01-14 09:57:52;address
657;7;00;1;2017-01-14 09:57:52;address
658;7;00;1;2017-01-14 09:57:52;address
659;7;00;1;2017-01-14 09:57:52;address
660;7;00;1;2017-01-14 09:57:52;address
661;7;00;1;2017-01-14 09:57:52;address
662;7;00;1;2017-01-14 09:57:52;address
663;7;00;1;2017-01-14 09:57:52;address
664;7;00;1;2017-01-14 09:57:52;address
665;7;00;1;2017-01-14 09:57:52;address
666;7;00;1;2017-01-14 09:57:52;address
667;5;00;1;2017-01-14 09:57:52;MYMENSINGH
670;8;00;1;2017-01-14 09:57:52;বাংলাদেশ মৎস্য গবেষণা ইনস্টিটিউট
671;8;00;1;2017-01-14 09:57:52;মৎস্য অধিদপ্তর বাংলাদেশ
673;7;00;1;2017-01-14 09:57:52;address
674;7;00;1;2017-01-14 09:57:52;address
675;8;00;1;2017-01-14 09:57:52;address
676;7;00;1;2017-01-14 09:57:52;address
678;8;00;1;2017-01-14 09:57:52;address
679;8;00;1;2017-01-14 09:57:52;ঢাকা
680;8;00;1;2017-01-14 09:57:52;চট্টগ্রাম
681;8;00;1;2017-01-14 09:57:52;খুলনা
682;8;00;1;2017-01-14 09:57:52;কুমিল্লা
683;8;00;1;2017-01-14 09:57:52;খামারবাড়ি, ঢাকা
685;8;00;1;2017-01-14 09:57:52;মতিঝিল, ঢাকা
684;8;00;1;2017-01-14 09:57:52;সাভার, ঢাকা
686;3;;1;2017-01-14 09:57:52;address
689;3;;1;2017-01-14 09:57:52;address
668;3;;1;2017-01-14 09:57:52;address
687;3;;1;2017-01-14 09:57:52;address
688;7;;1;2017-01-14 09:57:52;address
672;7;;1;2017-01-14 09:57:52;address